tweet,label
hujan akunuser simbol simbol simbol simbol nyapa saja sih kangen :p,n
Studyhard!???????? (at FKIP Universitas Tanjungpura) simbol tautan,n
"Sambil menunggu aplotan, memperluas puter lagiii #freewifi #esputer (at akunuser) [pic] simbol tautan",n
"Good afternoon, everyone... penyakit Akbid Widyakarsa Jayakarta tautan",n
simbol akunuser pictna heula weh, hasil ngajual motor simbol tautan",n
Ngadem Cantikk simbol penyakit bunga restoran dan perbaikan tautan,n
akunuser follback saudara,n
"Bersabar lah teman, kbahagian akan dtang sndrinya.. tautan",n
Goodforyagoodforya~ penyakit Kedai [standard Duren Warjok Serang tautan,n
dengan simbol di Istana perbaikan simbol tautan,n
Terlalu panas simbol (with Steffy di Gotri perbaikan (Crave itu Taste)) simbol tautan,n
Kopi Susu Dicampur Duren simbol Ikuti Keseruanya Besok Bareng akunuser penyakit akunuser #tapping #kopisusu tautan,n
Uncunditional!,n
"Selamat siang. Yang kena macet dipejompongan gara"" proyek flyover permata hijau, cunggg simbol,n
Haha saya dengan disini simbol (at akunuser) simbol tautan,n
Seenggak huruf teman pipa sebentar kerumah bisa ngilangin ketegangan berlebih simbol,n
Kerjaan dedete arya niihh ngemutin jempol.. Susah alat kalau penyakit lepas bahkan nangis. penyakit kasih mimiâ€¦ tautan,n
"At Valentino Rossi kamar simbol televerivication siswa/pengikut akunuser",n
tautan,s
akunuser dont perubahan (kepunyaan) Inf.: niall simbol,n
